Frame,Blur,Brightness,Contrast,Sharpness,Noise,Width,Height
frame_0000.jpg,692.27,55.38,68.7,41.19,26.31,320,240
frame_0001.jpg,708.36,55.46,68.47,41.84,26.61,320,240
frame_0002.jpg,704.58,55.86,68.51,41.84,26.54,320,240
frame_0003.jpg,705.19,56.67,68.88,42.36,26.56,320,240
frame_0004.jpg,711.22,56.79,68.99,42.37,26.67,320,240
frame_0005.jpg,708.0,56.79,69.29,42.2,26.61,320,240
frame_0006.jpg,707.68,56.6,69.59,42.27,26.6,320,240
frame_0007.jpg,704.99,56.24,69.88,41.77,26.55,320,240
frame_0008.jpg,701.83,56.04,70.48,41.52,26.49,320,240
frame_0009.jpg,694.13,55.82,70.72,40.95,26.35,320,240
frame_0010.jpg,695.44,55.49,70.83,40.88,26.37,320,240
frame_0011.jpg,698.86,55.14,70.39,40.85,26.44,320,240
motion_0000.jpg,2330.43,86.59,57.9,114.05,48.27,320,240
motion_0001.jpg,2336.94,86.83,57.97,114.2,48.34,320,240
motion_0002.jpg,2351.35,86.97,58.04,114.45,48.49,320,240
motion_0003.jpg,2381.78,87.1,58.14,114.68,48.8,320,240
motion_0004.jpg,2382.75,87.15,58.15,114.67,48.81,320,240
motion_0005.jpg,2375.6,87.13,58.12,114.59,48.74,320,240
motion_0006.jpg,2444.51,87.02,58.14,115.21,49.44,320,240
motion_0007.jpg,2435.73,86.94,58.1,115.06,49.35,320,240
motion_0008.jpg,2434.52,86.89,58.02,114.9,49.34,320,240
motion_0009.jpg,2434.84,87.05,57.99,114.72,49.34,320,240
motion_0010.jpg,2435.33,87.16,58.03,114.89,49.35,320,240
motion_0011.jpg,2433.35,87.21,58.12,114.63,49.33,320,240
motion_0012.jpg,2405.33,87.29,58.14,113.72,49.04,320,240
motion_0013.jpg,2398.73,87.19,58.13,113.56,48.98,320,240
motion_0014.jpg,2388.2,87.37,58.24,113.44,48.87,320,240
motion_0015.jpg,2378.19,87.49,58.27,113.08,48.77,320,240
motion_0016.jpg,2372.72,87.6,58.32,112.72,48.71,320,240
motion_0017.jpg,2369.34,87.9,58.43,113.02,48.68,320,240
motion_0018.jpg,2415.9,88.26,58.79,114.01,49.15,320,240
motion_0019.jpg,2420.15,88.62,59.04,113.9,49.2,320,240
motion_0020.jpg,2427.8,88.87,59.18,114.09,49.27,320,240
motion_0021.jpg,2427.43,89.43,59.6,114.22,49.27,320,240
motion_0022.jpg,2435.77,90.13,60.11,114.42,49.35,320,240
motion_0023.jpg,2435.46,91.06,60.77,114.37,49.35,320,240
motion_0024.jpg,2442.98,91.69,61.13,114.56,49.43,320,240
motion_0025.jpg,2431.24,91.53,61.78,114.6,49.31,320,240
motion_0026.jpg,2419.81,92.53,63.19,114.65,49.19,320,240
motion_0027.jpg,2420.97,93.1,64.11,114.54,49.2,320,240
motion_0028.jpg,2385.26,92.01,64.53,113.96,48.84,320,240
motion_0029.jpg,2330.92,91.05,65.42,112.91,48.28,320,240
motion_0030.jpg,2292.88,91.99,66.77,110.92,47.88,320,240
motion_0031.jpg,2232.77,91.89,68.57,107.41,47.25,320,240
motion_0032.jpg,2173.31,90.21,70.01,104.15,46.62,320,240
motion_0033.jpg,2127.05,86.73,69.72,101.37,46.12,320,240
motion_0034.jpg,1753.6,81.92,69.46,92.82,41.88,320,240
motion_0035.jpg,1441.82,79.49,68.88,84.3,37.97,320,240
motion_0036.jpg,1472.71,75.0,66.16,83.45,38.38,320,240
motion_0037.jpg,1483.7,73.24,64.56,84.35,38.52,320,240
motion_0038.jpg,1506.25,73.48,66.08,83.7,38.81,320,240
motion_0039.jpg,1540.5,75.7,69.17,83.43,39.25,320,240
motion_0040.jpg,1551.59,77.71,71.02,84.09,39.39,320,240
motion_0041.jpg,1480.99,78.19,71.74,83.21,38.48,320,240
motion_0042.jpg,1432.86,78.42,71.23,80.95,37.85,320,240
motion_0043.jpg,1316.85,76.28,70.68,77.34,36.29,320,240
motion_0044.jpg,1268.66,75.4,69.23,76.39,35.62,320,240
motion_0045.jpg,1199.72,71.96,66.8,75.01,34.64,320,240
motion_0046.jpg,1165.08,70.64,65.89,73.87,34.13,320,240
motion_0047.jpg,1141.44,68.65,64.28,71.99,33.79,320,240
motion_0048.jpg,1124.13,66.93,62.65,71.77,33.53,320,240
motion_0049.jpg,1123.13,63.59,58.97,71.01,33.51,320,240
motion_0050.jpg,1128.78,61.5,56.22,71.47,33.6,320,240
motion_0051.jpg,1145.91,60.47,54.49,73.39,33.85,320,240
motion_0052.jpg,1156.34,60.96,53.95,75.64,34.01,320,240
motion_0053.jpg,1180.34,62.38,53.67,77.8,34.36,320,240
motion_0054.jpg,1210.08,63.55,52.66,80.2,34.79,320,240
motion_0055.jpg,1266.26,65.85,52.92,83.87,35.58,320,240
motion_0056.jpg,1365.24,67.57,53.15,87.8,36.95,320,240
motion_0057.jpg,1425.96,69.44,53.53,90.17,37.76,320,240
motion_0058.jpg,1451.32,71.4,54.04,91.01,38.1,320,240
motion_0059.jpg,1724.36,73.42,55.94,97.61,41.53,320,240
motion_0060.jpg,1798.44,75.92,56.97,99.74,42.41,320,240
motion_0061.jpg,1825.06,76.66,57.59,100.85,42.72,320,240
motion_0062.jpg,1841.57,78.19,57.97,101.39,42.91,320,240
motion_0063.jpg,1889.31,79.19,58.02,103.1,43.47,320,240
motion_0064.jpg,2082.3,80.09,58.5,107.42,45.63,320,240
motion_0065.jpg,2084.69,79.59,57.81,107.63,45.66,320,240
motion_0066.jpg,2099.38,80.37,57.75,108.25,45.82,320,240
motion_0067.jpg,2104.69,80.56,57.92,108.5,45.88,320,240
motion_0068.jpg,2107.29,80.69,57.86,108.44,45.91,320,240
motion_0069.jpg,2092.96,81.57,57.73,108.26,45.75,320,240
motion_0070.jpg,2227.95,83.22,58.96,111.0,47.2,320,240
motion_0071.jpg,2226.68,83.5,59.05,110.78,47.19,320,240
motion_0072.jpg,2232.43,83.64,59.13,110.85,47.25,320,240
motion_0073.jpg,2235.55,83.51,59.02,110.88,47.28,320,240
motion_0074.jpg,2230.65,83.34,58.93,110.96,47.23,320,240
motion_0075.jpg,2231.83,83.37,58.91,111.03,47.24,320,240
motion_0076.jpg,2263.05,83.79,59.03,111.83,47.57,320,240
motion_0077.jpg,2260.98,83.84,59.03,111.56,47.55,320,240
motion_0078.jpg,2268.31,83.89,59.12,111.74,47.63,320,240
motion_0079.jpg,2269.65,83.94,59.2,111.91,47.64,320,240
motion_0080.jpg,2269.13,84.0,59.29,111.85,47.64,320,240
motion_0081.jpg,2276.51,83.9,59.17,112.06,47.71,320,240
motion_0082.jpg,2314.97,84.06,59.23,112.49,48.11,320,240
motion_0083.jpg,2321.18,83.93,58.97,112.49,48.18,320,240
motion_0084.jpg,2326.66,83.69,58.77,112.45,48.24,320,240
motion_0085.jpg,2303.21,83.53,58.73,111.69,47.99,320,240
motion_0086.jpg,2311.69,83.54,58.83,111.53,48.08,320,240
motion_0087.jpg,2314.6,83.43,58.6,111.72,48.11,320,240
motion_0088.jpg,2350.11,83.21,58.2,112.31,48.48,320,240
motion_0089.jpg,2356.84,82.86,57.83,112.44,48.55,320,240
motion_0090.jpg,2348.57,82.94,57.96,112.0,48.46,320,240
motion_0091.jpg,2347.58,83.04,58.07,112.33,48.45,320,240
motion_0092.jpg,2358.44,82.86,57.93,112.92,48.56,320,240
motion_0093.jpg,2364.21,82.84,57.93,113.1,48.62,320,240
motion_0094.jpg,2401.84,83.54,58.27,113.97,49.01,320,240
motion_0095.jpg,2404.48,83.64,58.31,114.17,49.04,320,240
motion_0096.jpg,2409.4,83.81,58.32,114.56,49.09,320,240
motion_0097.jpg,2419.01,83.94,58.34,115.01,49.18,320,240
motion_0098.jpg,2422.92,84.0,58.33,115.09,49.22,320,240
motion_0099.jpg,2428.6,84.43,58.67,115.32,49.28,320,240
motion_0100.jpg,2433.66,84.54,58.75,115.47,49.33,320,240
motion_0101.jpg,2435.95,84.68,58.92,115.54,49.36,320,240
motion_0102.jpg,2441.18,85.87,59.22,115.62,49.41,320,240
motion_0103.jpg,2421.37,85.92,59.51,115.31,49.21,320,240
motion_0104.jpg,2409.25,85.97,59.47,115.09,49.08,320,240
motion_0105.jpg,2400.32,86.34,59.64,114.94,48.99,320,240
motion_0106.jpg,2413.65,86.23,59.45,115.43,49.13,320,240
motion_0107.jpg,2411.87,85.99,59.23,115.64,49.11,320,240
motion_0108.jpg,2409.18,85.87,59.09,115.36,49.08,320,240
motion_0109.jpg,2461.01,86.02,59.04,116.21,49.61,320,240
motion_0110.jpg,2453.34,86.01,59.2,116.07,49.53,320,240
motion_0111.jpg,2457.75,86.06,59.26,116.26,49.58,320,240
motion_0112.jpg,2448.19,86.16,59.26,115.78,49.48,320,240
motion_0113.jpg,2449.18,85.98,59.13,115.68,49.49,320,240
motion_0114.jpg,2444.54,85.69,58.88,115.73,49.44,320,240
motion_0115.jpg,2459.2,85.62,58.85,115.91,49.59,320,240
motion_0116.jpg,2456.05,85.63,58.77,115.97,49.56,320,240
motion_0117.jpg,2451.09,85.67,58.85,116.12,49.51,320,240
motion_0118.jpg,2456.61,86.07,59.15,116.14,49.56,320,240
motion_0119.jpg,2454.2,86.5,59.95,116.3,49.54,320,240
motion_0120.jpg,2454.86,86.86,60.66,116.46,49.55,320,240
motion_0121.jpg,2467.97,87.01,60.87,116.66,49.68,320,240
motion_0122.jpg,2464.85,87.0,60.87,116.75,49.65,320,240
motion_0123.jpg,2468.39,86.95,60.79,116.76,49.68,320,240
motion_0124.jpg,2462.03,86.9,60.74,116.61,49.62,320,240
motion_0125.jpg,2463.54,86.75,60.61,116.66,49.63,320,240
motion_0126.jpg,2493.31,86.46,60.3,116.93,49.93,320,240
motion_0127.jpg,2491.32,86.27,60.12,116.87,49.91,320,240
motion_0128.jpg,2485.07,85.94,59.87,116.69,49.85,320,240
motion_0129.jpg,2478.5,85.57,59.55,116.34,49.78,320,240
motion_0130.jpg,2493.25,85.37,59.3,116.75,49.93,320,240
motion_0131.jpg,2488.84,85.05,58.89,116.72,49.89,320,240
motion_0132.jpg,2486.5,85.02,58.83,116.65,49.86,320,240
motion_0133.jpg,2480.94,85.14,58.84,116.55,49.81,320,240
motion_0134.jpg,2484.81,85.46,59.06,116.55,49.85,320,240
motion_0135.jpg,2460.05,85.86,59.36,116.66,49.6,320,240
motion_0136.jpg,2458.28,85.88,59.37,116.62,49.58,320,240
motion_0137.jpg,2458.0,85.8,59.27,116.46,49.58,320,240
motion_0138.jpg,2456.57,85.76,59.19,116.46,49.56,320,240
motion_0139.jpg,2456.67,85.89,59.28,116.67,49.56,320,240
motion_0140.jpg,2457.11,86.02,59.4,116.72,49.57,320,240
motion_0141.jpg,2441.54,85.79,58.99,116.47,49.41,320,240
motion_0142.jpg,2447.37,85.58,58.96,116.75,49.47,320,240
motion_0143.jpg,2457.34,85.91,59.31,117.29,49.57,320,240
motion_0144.jpg,2455.36,85.92,59.39,117.12,49.55,320,240
motion_0145.jpg,2443.51,85.96,59.57,116.65,49.43,320,240
motion_0146.jpg,2501.52,86.27,59.77,117.71,50.02,320,240
motion_0147.jpg,2491.86,86.34,60.01,117.26,49.92,320,240
motion_0148.jpg,2491.61,86.49,60.25,117.24,49.92,320,240
motion_0149.jpg,2484.54,86.62,60.47,117.11,49.85,320,240
motion_0150.jpg,2476.93,86.98,60.62,117.15,49.77,320,240
motion_0151.jpg,2481.61,87.19,60.55,117.04,49.82,320,240
motion_0152.jpg,2493.53,87.24,60.66,116.77,49.94,320,240
motion_0153.jpg,2489.32,87.4,60.82,116.73,49.89,320,240
motion_0154.jpg,2485.33,87.34,60.84,116.66,49.85,320,240
motion_0155.jpg,2489.22,86.8,60.74,116.48,49.89,320,240
motion_0156.jpg,2491.47,86.49,60.24,116.62,49.91,320,240
motion_0157.jpg,2496.3,86.24,59.76,116.77,49.96,320,240
motion_0158.jpg,2523.54,86.14,59.68,117.43,50.23,320,240
motion_0159.jpg,2522.9,86.1,59.63,117.6,50.23,320,240
motion_0160.jpg,2520.83,85.99,59.47,117.5,50.21,320,240
motion_0161.jpg,2518.62,85.7,59.07,117.4,50.19,320,240
motion_0162.jpg,2504.42,85.48,58.89,117.41,50.04,320,240
motion_0163.jpg,2510.35,85.28,58.75,117.77,50.1,320,240
motion_0164.jpg,2511.5,85.0,58.66,117.74,50.11,320,240
motion_0165.jpg,2508.25,84.84,58.62,117.4,50.08,320,240
motion_0166.jpg,2502.76,85.09,58.89,117.29,50.03,320,240
motion_0167.jpg,2488.02,85.56,59.01,116.82,49.88,320,240
motion_0168.jpg,2481.2,85.78,58.97,116.93,49.81,320,240
motion_0169.jpg,2472.93,85.78,58.81,116.2,49.73,320,240
motion_0170.jpg,2471.33,85.74,58.9,116.15,49.71,320,240
motion_0171.jpg,2458.62,85.81,59.03,116.02,49.58,320,240
motion_0172.jpg,2462.92,85.63,58.75,115.75,49.63,320,240
motion_0173.jpg,2437.05,85.23,58.48,115.82,49.37,320,240
motion_0174.jpg,2437.64,84.63,58.21,115.2,49.37,320,240
motion_0175.jpg,2444.85,84.57,58.23,115.42,49.45,320,240
motion_0176.jpg,2440.21,84.45,58.14,115.28,49.4,320,240
motion_0177.jpg,2436.8,84.12,57.85,115.3,49.36,320,240
motion_0178.jpg,2442.91,84.15,57.64,115.56,49.43,320,240
motion_0179.jpg,2446.53,84.08,57.54,115.69,49.46,320,240
motion_0180.jpg,2463.65,84.33,57.46,116.06,49.64,320,240
motion_0181.jpg,2464.99,84.19,57.39,116.2,49.65,320,240
motion_0182.jpg,2471.87,84.18,57.34,116.5,49.72,320,240
motion_0183.jpg,2468.69,84.05,57.19,116.47,49.69,320,240
motion_0184.jpg,2472.69,83.96,57.18,116.54,49.73,320,240
motion_0185.jpg,2474.57,83.88,57.12,116.48,49.75,320,240
motion_0186.jpg,2516.27,84.61,57.38,117.14,50.16,320,240
motion_0187.jpg,2523.75,85.5,57.4,117.41,50.24,320,240
motion_0188.jpg,2532.05,85.26,57.33,117.76,50.32,320,240
motion_0189.jpg,2533.03,85.16,57.37,117.88,50.33,320,240
motion_0190.jpg,2532.39,85.19,57.4,117.89,50.32,320,240
motion_0191.jpg,2548.08,85.37,57.58,118.35,50.48,320,240
motion_0192.jpg,2548.6,85.38,57.66,118.42,50.48,320,240
motion_0193.jpg,2555.22,85.58,57.76,118.73,50.55,320,240
motion_0194.jpg,2551.32,85.62,57.77,118.73,50.51,320,240
motion_0195.jpg,2554.97,85.64,57.73,118.67,50.55,320,240
motion_0196.jpg,2558.18,85.58,57.65,118.77,50.58,320,240
motion_0197.jpg,2561.03,85.76,57.74,118.89,50.61,320,240
motion_0198.jpg,2552.2,85.84,57.77,119.04,50.52,320,240
motion_0199.jpg,2586.62,86.01,58.14,119.85,50.86,320,240
motion_0200.jpg,2614.51,86.13,58.2,119.77,51.13,320,240
motion_0201.jpg,2614.57,86.24,58.22,120.01,51.13,320,240
motion_0202.jpg,2611.51,86.23,58.26,119.99,51.1,320,240
motion_0203.jpg,2608.47,86.17,58.3,120.03,51.07,320,240
motion_0204.jpg,2603.61,85.96,58.14,119.81,51.03,320,240
motion_0205.jpg,2598.78,85.84,58.03,119.63,50.98,320,240
motion_0206.jpg,2596.79,85.66,57.92,119.62,50.96,320,240
motion_0207.jpg,2592.17,85.65,57.85,119.43,50.91,320,240
motion_0208.jpg,2592.27,85.7,57.83,119.4,50.91,320,240
motion_0209.jpg,2594.32,85.77,57.83,119.57,50.93,320,240
motion_0210.jpg,2594.59,85.79,57.81,119.54,50.94,320,240
motion_0211.jpg,2595.0,86.07,57.93,119.03,50.94,320,240
motion_0212.jpg,2587.73,86.23,58.05,118.7,50.87,320,240
motion_0213.jpg,2585.1,86.26,58.05,118.67,50.84,320,240
motion_0214.jpg,2583.56,86.38,58.17,118.98,50.83,320,240
motion_0215.jpg,2573.8,86.44,58.2,118.61,50.73,320,240
motion_0216.jpg,2574.34,86.58,58.26,118.34,50.74,320,240
motion_0217.jpg,2588.51,86.94,58.5,118.57,50.88,320,240
motion_0218.jpg,2593.97,87.23,58.65,118.77,50.93,320,240
motion_0219.jpg,2596.37,87.58,59.08,119.07,50.95,320,240
motion_0220.jpg,2607.25,87.63,59.2,120.03,51.06,320,240
motion_0221.jpg,2615.62,87.74,59.52,120.51,51.14,320,240
motion_0222.jpg,2602.58,88.14,59.87,120.85,51.02,320,240
motion_0223.jpg,2613.91,88.33,60.08,121.21,51.13,320,240
motion_0224.jpg,2603.83,88.45,60.22,120.82,51.03,320,240
motion_0225.jpg,2593.62,88.41,60.21,120.59,50.93,320,240
motion_0226.jpg,2581.86,88.14,60.02,120.13,50.81,320,240
motion_0227.jpg,2562.65,87.78,59.83,119.21,50.62,320,240
motion_0228.jpg,2575.66,87.77,59.84,119.28,50.75,320,240
motion_0229.jpg,2568.96,87.69,59.5,119.04,50.68,320,240
motion_0230.jpg,2570.09,87.51,59.23,119.07,50.7,320,240
motion_0231.jpg,2569.88,87.43,59.04,118.77,50.69,320,240
motion_0232.jpg,2564.84,87.21,58.86,118.59,50.64,320,240
motion_0233.jpg,2559.1,87.1,58.77,118.04,50.59,320,240
motion_0234.jpg,2574.75,87.14,58.75,118.59,50.74,320,240
motion_0235.jpg,2572.79,87.07,58.67,118.8,50.72,320,240
motion_0236.jpg,2575.34,87.03,58.66,118.92,50.75,320,240
motion_0237.jpg,2573.14,86.87,58.59,118.76,50.73,320,240
motion_0238.jpg,2568.23,86.75,58.52,118.33,50.68,320,240
motion_0239.jpg,2569.38,86.52,58.36,118.53,50.69,320,240
motion_0240.jpg,2586.95,86.27,58.35,118.75,50.86,320,240
motion_0241.jpg,2588.73,86.2,58.37,118.83,50.88,320,240
motion_0242.jpg,2589.06,86.07,58.35,118.79,50.88,320,240
motion_0243.jpg,2589.32,85.99,58.3,118.94,50.89,320,240
motion_0244.jpg,2589.56,85.95,58.26,118.88,50.89,320,240
motion_0245.jpg,2586.51,85.98,58.28,118.81,50.86,320,240
motion_0246.jpg,2595.81,85.85,58.27,118.91,50.95,320,240
motion_0247.jpg,2594.48,85.79,58.2,118.84,50.94,320,240
motion_0248.jpg,2601.92,85.88,58.26,119.13,51.01,320,240
motion_0249.jpg,2604.03,85.73,58.32,119.23,51.03,320,240
motion_0250.jpg,2605.62,85.65,58.33,119.35,51.05,320,240
motion_0251.jpg,2607.54,85.57,58.36,119.4,51.06,320,240
motion_0252.jpg,2620.19,85.66,58.54,119.63,51.19,320,240
motion_0253.jpg,2623.1,85.75,58.64,119.62,51.22,320,240
motion_0254.jpg,2623.13,85.91,58.61,119.7,51.22,320,240
motion_0255.jpg,2624.01,86.07,58.6,119.62,51.23,320,240
motion_0256.jpg,2624.78,86.12,58.61,119.75,51.23,320,240
motion_0257.jpg,2574.63,86.08,58.54,119.17,50.74,320,240
motion_0258.jpg,2582.19,86.01,58.51,119.33,50.82,320,240
motion_0259.jpg,2584.32,86.05,58.5,119.35,50.84,320,240
motion_0260.jpg,2587.56,86.15,58.53,119.4,50.87,320,240
motion_0261.jpg,2589.37,86.18,58.51,119.5,50.89,320,240
motion_0262.jpg,2585.44,86.21,58.48,119.5,50.85,320,240
motion_0263.jpg,2606.45,86.17,58.38,119.79,51.05,320,240
motion_0264.jpg,2603.78,86.15,58.39,119.9,51.03,320,240
motion_0265.jpg,2600.42,86.15,58.39,119.89,50.99,320,240
motion_0266.jpg,2601.22,86.06,58.34,119.86,51.0,320,240
motion_0267.jpg,2600.95,86.06,58.3,119.81,51.0,320,240
motion_0268.jpg,2605.59,86.13,58.3,119.75,51.05,320,240
motion_0269.jpg,2602.12,86.12,58.33,119.61,51.01,320,240
motion_0270.jpg,2600.71,86.13,58.36,119.68,51.0,320,240
motion_0271.jpg,2593.87,86.14,58.41,119.64,50.93,320,240
motion_0272.jpg,2580.96,86.0,58.38,119.27,50.8,320,240
motion_0273.jpg,2579.61,85.87,58.38,119.15,50.79,320,240
motion_0274.jpg,2606.74,85.89,58.5,119.64,51.06,320,240
motion_0275.jpg,2607.09,86.03,58.61,119.77,51.06,320,240
motion_0276.jpg,2610.98,86.07,58.66,119.79,51.1,320,240
motion_0277.jpg,2609.26,86.13,58.68,119.88,51.08,320,240
motion_0278.jpg,2606.94,86.2,58.72,119.82,51.06,320,240
motion_0279.jpg,2607.63,86.27,58.73,119.86,51.06,320,240
motion_0280.jpg,2591.84,86.22,58.67,119.73,50.91,320,240
motion_0281.jpg,2597.28,86.18,58.51,119.81,50.96,320,240
motion_0282.jpg,2608.56,86.24,58.51,120.02,51.07,320,240
motion_0283.jpg,2613.47,86.34,58.61,120.07,51.12,320,240
motion_0284.jpg,2620.25,86.38,58.62,120.37,51.19,320,240
motion_0285.jpg,2618.77,86.33,58.65,120.46,51.17,320,240
motion_0286.jpg,2614.31,86.22,58.63,120.16,51.13,320,240
motion_0287.jpg,2609.51,86.11,58.42,120.14,51.08,320,240
motion_0288.jpg,2565.51,86.01,58.3,119.8,50.65,320,240
motion_0289.jpg,2564.69,86.03,58.32,119.91,50.64,320,240
motion_0290.jpg,2562.16,86.03,58.35,119.88,50.62,320,240
motion_0291.jpg,2558.76,86.09,58.38,119.71,50.58,320,240
motion_0292.jpg,2557.5,86.21,58.4,119.51,50.57,320,240
motion_0293.jpg,2560.42,86.33,58.47,119.4,50.6,320,240
motion_0294.jpg,2589.89,86.34,58.46,119.99,50.89,320,240
motion_0295.jpg,2594.55,86.18,58.38,120.01,50.94,320,240
motion_0296.jpg,2593.5,86.01,58.36,119.99,50.93,320,240
motion_0297.jpg,2593.22,85.85,58.31,119.99,50.92,320,240
motion_0298.jpg,2596.45,85.7,58.23,120.06,50.96,320,240
motion_0299.jpg,2595.34,85.48,58.11,120.07,50.94,320,240
motion_0300.jpg,2596.89,86.33,58.2,120.47,50.96,320,240
motion_0301.jpg,2553.64,90.83,59.96,120.53,50.53,320,240
motion_0302.jpg,2311.49,100.67,65.95,115.82,48.08,320,240
motion_0303.jpg,2283.27,99.25,65.54,114.66,47.78,320,240
motion_0304.jpg,2285.92,98.33,65.48,115.04,47.81,320,240
motion_0305.jpg,1755.84,85.7,57.62,97.6,41.9,320,240
motion_0306.jpg,1477.66,72.84,50.21,91.15,38.44,320,240
motion_0307.jpg,1389.44,87.8,61.31,90.97,37.28,320,240
motion_0308.jpg,1454.55,76.03,54.12,90.91,38.14,320,240
motion_0309.jpg,695.11,143.56,65.24,60.49,26.36,320,240
motion_0310.jpg,560.04,186.48,70.14,36.96,23.67,320,240
motion_0311.jpg,717.2,214.44,73.01,26.9,26.78,320,240
motion_0312.jpg,728.15,218.23,73.05,25.0,26.98,320,240
motion_0313.jpg,798.91,205.45,72.37,32.95,28.27,320,240
motion_0314.jpg,781.56,196.32,71.92,36.66,27.96,320,240
motion_0315.jpg,802.27,192.75,72.15,38.46,28.32,320,240
motion_0316.jpg,880.91,194.07,72.47,41.34,29.68,320,240
motion_0317.jpg,887.22,184.6,73.07,45.39,29.79,320,240
motion_0318.jpg,1077.9,174.49,73.91,52.96,32.83,320,240
motion_0319.jpg,1280.72,164.54,75.69,58.87,35.79,320,240
motion_0320.jpg,1474.09,161.82,75.93,62.9,38.39,320,240
motion_0321.jpg,1553.81,155.32,76.63,64.73,39.42,320,240
motion_0322.jpg,1918.6,138.38,78.24,71.35,43.8,320,240
motion_0323.jpg,1948.9,133.16,78.02,72.31,44.15,320,240
motion_0324.jpg,2081.51,125.16,79.69,74.98,45.62,320,240
motion_0325.jpg,2137.64,121.81,80.01,76.11,46.23,320,240
motion_0326.jpg,2095.77,119.24,79.23,75.28,45.78,320,240
motion_0327.jpg,1286.56,103.61,98.39,56.64,35.87,320,240
motion_0328.jpg,1138.61,56.0,72.43,50.59,33.74,320,240
motion_0329.jpg,884.36,45.37,64.64,45.1,29.74,320,240
motion_0330.jpg,2117.98,101.33,86.48,104.53,46.02,320,240
motion_0331.jpg,2106.77,101.34,86.48,104.15,45.9,320,240
motion_0332.jpg,2094.28,101.26,86.46,103.61,45.76,320,240
motion_0333.jpg,2083.73,101.22,86.47,103.37,45.65,320,240
motion_0334.jpg,2072.79,101.18,86.41,103.4,45.53,320,240
motion_0335.jpg,2083.59,101.08,86.42,103.35,45.65,320,240
motion_0336.jpg,2102.28,101.0,86.33,103.83,45.85,320,240
motion_0337.jpg,2122.16,100.95,86.24,104.94,46.07,320,240
motion_0338.jpg,2123.15,100.84,86.14,104.81,46.08,320,240
motion_0339.jpg,2116.39,100.76,86.08,104.5,46.0,320,240
motion_0340.jpg,2106.02,100.64,86.06,104.64,45.89,320,240
motion_0341.jpg,2106.86,100.57,86.07,104.9,45.9,320,240
motion_0342.jpg,2119.23,100.45,85.98,105.2,46.04,320,240
motion_0343.jpg,2116.05,100.39,85.92,105.11,46.0,320,240
motion_0344.jpg,2122.15,100.34,85.87,104.93,46.07,320,240
motion_0345.jpg,2122.84,100.39,85.89,104.88,46.07,320,240
motion_0346.jpg,2126.38,100.5,85.93,104.57,46.11,320,240
motion_0347.jpg,2126.83,100.57,85.99,104.35,46.12,320,240
motion_0348.jpg,2131.2,100.57,86.03,104.38,46.16,320,240
motion_0349.jpg,2114.56,100.35,85.95,103.83,45.98,320,240
motion_0350.jpg,2111.02,100.4,85.96,103.27,45.95,320,240
motion_0351.jpg,2112.48,100.57,86.08,103.2,45.96,320,240
motion_0352.jpg,2101.47,100.7,86.15,103.16,45.84,320,240
motion_0353.jpg,2100.1,100.71,86.16,103.2,45.83,320,240
motion_0354.jpg,2104.93,100.63,86.1,103.34,45.88,320,240
motion_0355.jpg,2092.91,100.53,86.06,103.12,45.75,320,240
motion_0356.jpg,2083.38,100.43,86.03,102.75,45.64,320,240
motion_0357.jpg,2082.63,100.26,85.96,102.66,45.64,320,240
motion_0358.jpg,2081.32,100.35,86.03,102.48,45.62,320,240
motion_0359.jpg,2082.66,100.42,86.08,102.36,45.64,320,240
motion_0360.jpg,2097.7,100.51,86.15,102.59,45.8,320,240
motion_0361.jpg,2109.05,100.51,86.15,102.77,45.92,320,240
motion_0362.jpg,2114.57,100.67,86.23,102.7,45.98,320,240
motion_0363.jpg,2111.13,100.83,86.31,102.42,45.95,320,240
motion_0364.jpg,2100.81,101.07,86.44,101.97,45.83,320,240
motion_0365.jpg,2104.54,101.31,86.54,101.86,45.88,320,240
motion_0366.jpg,2112.23,101.44,86.6,101.95,45.96,320,240
motion_0367.jpg,2114.29,101.6,86.66,102.32,45.98,320,240
motion_0368.jpg,2121.81,101.73,86.69,102.84,46.06,320,240
motion_0369.jpg,2124.4,101.69,86.69,103.05,46.09,320,240
motion_0370.jpg,2119.34,101.63,86.69,102.81,46.04,320,240
motion_0371.jpg,2117.75,101.6,86.69,102.8,46.02,320,240
motion_0372.jpg,2130.19,101.6,86.71,102.94,46.15,320,240
motion_0373.jpg,2115.04,101.5,86.72,102.72,45.99,320,240
motion_0374.jpg,2107.67,101.45,86.73,102.4,45.91,320,240
motion_0375.jpg,2114.84,101.39,86.7,102.36,45.99,320,240
motion_0376.jpg,2119.89,101.35,86.67,102.37,46.04,320,240
motion_0377.jpg,2112.33,101.2,86.59,102.24,45.96,320,240
motion_0378.jpg,2114.47,101.13,86.57,102.23,45.98,320,240
motion_0379.jpg,2119.91,101.07,86.53,102.28,46.04,320,240
motion_0380.jpg,2123.0,101.09,86.49,102.24,46.08,320,240
motion_0381.jpg,2111.0,101.05,86.46,102.02,45.95,320,240
motion_0382.jpg,2102.99,100.87,86.42,101.68,45.86,320,240
motion_0383.jpg,2100.23,100.75,86.35,101.64,45.83,320,240
motion_0384.jpg,2106.6,100.6,86.31,101.59,45.9,320,240
motion_0385.jpg,2098.17,100.4,86.23,101.14,45.81,320,240
motion_0386.jpg,2089.04,100.2,86.11,100.82,45.71,320,240
motion_0387.jpg,2080.48,100.37,86.17,100.65,45.61,320,240
motion_0388.jpg,2048.65,100.54,86.3,100.32,45.26,320,240
motion_0389.jpg,2053.21,100.58,86.31,100.4,45.31,320,240
motion_0390.jpg,2063.36,100.53,86.22,100.74,45.42,320,240
motion_0391.jpg,2071.64,100.61,86.21,100.86,45.52,320,240
motion_0392.jpg,2098.07,100.79,86.25,101.63,45.8,320,240
motion_0393.jpg,2095.06,100.88,86.28,101.93,45.77,320,240
motion_0394.jpg,2104.6,100.91,86.32,102.18,45.88,320,240
motion_0395.jpg,2099.18,100.91,86.33,102.05,45.82,320,240
motion_0396.jpg,1603.18,102.61,86.42,85.48,40.04,320,240
motion_0397.jpg,1563.96,100.72,86.18,84.98,39.55,320,240
motion_0398.jpg,1552.35,101.85,87.49,84.34,39.4,320,240
motion_0399.jpg,1509.86,101.47,87.58,85.66,38.86,320,240
motion_0400.jpg,1501.69,102.29,88.56,85.05,38.75,320,240
motion_0401.jpg,1588.93,102.68,88.98,89.74,39.86,320,240
motion_0402.jpg,1617.23,103.28,89.41,90.45,40.21,320,240
motion_0403.jpg,1704.0,103.24,89.58,92.73,41.28,320,240
motion_0404.jpg,1756.04,102.91,89.54,93.97,41.91,320,240
motion_0405.jpg,1775.6,102.12,89.19,94.97,42.14,320,240
motion_0406.jpg,1793.52,101.63,89.04,95.81,42.35,320,240
motion_0407.jpg,1821.8,101.4,88.97,96.62,42.68,320,240
motion_0408.jpg,1820.8,101.46,89.02,96.29,42.67,320,240
motion_0409.jpg,1833.56,101.45,89.05,96.6,42.82,320,240
motion_0410.jpg,1838.61,101.54,89.12,96.6,42.88,320,240
motion_0411.jpg,1848.29,101.57,89.17,96.81,42.99,320,240
motion_0412.jpg,1857.3,101.81,89.37,97.34,43.1,320,240
motion_0413.jpg,1873.98,101.95,89.49,97.8,43.29,320,240
motion_0414.jpg,1888.66,102.06,89.65,98.0,43.46,320,240
motion_0415.jpg,1894.45,102.08,89.72,98.14,43.53,320,240
motion_0416.jpg,1876.1,102.24,89.93,97.97,43.31,320,240
motion_0417.jpg,1880.15,101.89,89.88,97.86,43.36,320,240
motion_0418.jpg,1860.16,101.59,89.79,97.76,43.13,320,240
motion_0419.jpg,1855.12,101.56,89.75,97.9,43.07,320,240
motion_0420.jpg,1854.72,101.35,89.63,98.17,43.07,320,240
motion_0421.jpg,1855.38,101.32,89.63,98.25,43.07,320,240
motion_0422.jpg,1841.96,101.07,89.52,97.5,42.92,320,240
motion_0423.jpg,1813.84,101.0,89.41,96.57,42.59,320,240
motion_0424.jpg,1823.75,101.08,89.41,96.55,42.71,320,240
motion_0425.jpg,1827.39,100.87,89.29,96.31,42.75,320,240
motion_0426.jpg,1828.37,100.73,89.29,96.17,42.76,320,240
motion_0427.jpg,1826.87,100.55,89.28,95.93,42.74,320,240
motion_0428.jpg,1836.28,100.4,89.28,95.97,42.85,320,240
motion_0429.jpg,1839.08,100.25,89.19,96.01,42.88,320,240
motion_0430.jpg,1834.02,100.02,89.16,96.07,42.83,320,240
motion_0431.jpg,1831.88,99.97,89.13,96.17,42.8,320,240
motion_0432.jpg,1840.79,99.5,88.97,96.28,42.9,320,240
motion_0433.jpg,1855.28,99.3,89.0,96.63,43.07,320,240
motion_0434.jpg,1842.04,99.19,89.04,95.94,42.92,320,240
motion_0435.jpg,1844.66,99.47,89.23,96.14,42.95,320,240
motion_0436.jpg,1833.75,99.96,89.49,96.09,42.82,320,240
motion_0437.jpg,1831.33,100.02,89.47,96.31,42.79,320,240
motion_0438.jpg,1828.9,100.4,89.68,96.84,42.77,320,240
motion_0439.jpg,1851.7,100.75,89.85,98.11,43.03,320,240
motion_0440.jpg,1839.49,100.75,89.86,97.86,42.89,320,240
motion_0441.jpg,1845.27,101.1,89.97,98.25,42.96,320,240
motion_0442.jpg,1842.44,101.54,90.12,97.45,42.92,320,240
motion_0443.jpg,1821.56,101.92,90.3,96.44,42.68,320,240
motion_0444.jpg,1808.74,102.19,90.51,96.14,42.53,320,240
motion_0445.jpg,1810.92,102.64,90.69,96.45,42.55,320,240
motion_0446.jpg,1805.73,101.98,90.32,96.29,42.49,320,240
motion_0447.jpg,1820.84,101.87,90.32,96.47,42.67,320,240
motion_0448.jpg,1834.7,101.71,90.2,96.83,42.83,320,240
motion_0449.jpg,1834.26,101.83,90.24,96.82,42.83,320,240
motion_0450.jpg,1851.92,101.99,90.27,96.79,43.03,320,240
motion_0451.jpg,1850.08,102.21,90.24,96.57,43.01,320,240
motion_0452.jpg,1853.17,102.36,90.23,96.09,43.05,320,240
motion_0453.jpg,1849.34,102.46,90.24,95.91,43.0,320,240
motion_0454.jpg,1856.45,102.57,90.25,96.14,43.09,320,240
motion_0455.jpg,1839.72,102.83,90.31,96.12,42.89,320,240
motion_0456.jpg,1844.77,103.13,90.41,96.51,42.95,320,240
motion_0457.jpg,1842.46,103.41,90.55,96.28,42.92,320,240
motion_0458.jpg,1848.68,103.46,90.58,96.6,43.0,320,240
motion_0459.jpg,1847.46,103.44,90.61,96.61,42.98,320,240
motion_0460.jpg,1844.61,102.94,90.38,96.59,42.95,320,240
motion_0461.jpg,1804.06,102.93,90.35,95.86,42.47,320,240
motion_0462.jpg,1780.43,102.29,89.96,95.98,42.2,320,240
motion_0463.jpg,1789.76,101.63,89.52,96.19,42.31,320,240
motion_0464.jpg,1800.25,101.03,89.12,96.06,42.43,320,240
motion_0465.jpg,1805.65,100.79,88.97,95.86,42.49,320,240
motion_0466.jpg,1833.75,100.58,88.85,96.16,42.82,320,240
motion_0467.jpg,1841.11,100.64,88.84,95.8,42.91,320,240
motion_0468.jpg,1844.05,100.97,88.95,95.92,42.94,320,240
motion_0469.jpg,1840.51,101.07,88.98,95.9,42.9,320,240
motion_0470.jpg,1838.38,100.97,88.8,95.8,42.88,320,240
motion_0471.jpg,1835.96,101.0,88.74,96.03,42.85,320,240
motion_0472.jpg,1840.69,100.96,88.71,96.35,42.9,320,240
motion_0473.jpg,1838.18,100.85,88.63,96.77,42.87,320,240
motion_0474.jpg,1844.01,100.61,88.52,96.56,42.94,320,240
motion_0475.jpg,1839.63,100.6,88.56,96.4,42.89,320,240
motion_0476.jpg,1833.99,100.74,88.65,96.33,42.83,320,240
motion_0477.jpg,1837.82,100.64,88.61,96.31,42.87,320,240
motion_0478.jpg,1842.77,100.63,88.58,96.39,42.93,320,240
motion_0479.jpg,1831.93,100.52,88.45,95.88,42.8,320,240
motion_0480.jpg,1829.77,100.55,88.45,95.93,42.78,320,240
motion_0481.jpg,1822.97,100.37,88.34,95.17,42.7,320,240
motion_0482.jpg,2138.18,62.84,58.26,63.51,46.24,320,240
motion_0483.jpg,2138.9,62.85,58.22,63.52,46.25,320,240
motion_0484.jpg,2142.41,62.29,57.6,63.35,46.29,320,240
motion_0485.jpg,2150.54,62.62,58.07,63.64,46.37,320,240
motion_0486.jpg,2143.91,62.88,58.26,63.69,46.3,320,240
motion_0487.jpg,2146.22,62.98,58.31,63.71,46.33,320,240
motion_0488.jpg,2123.57,63.89,58.94,63.21,46.08,320,240
motion_0489.jpg,2125.85,63.9,58.93,63.21,46.11,320,240
motion_0490.jpg,2125.74,63.62,58.64,63.22,46.11,320,240
motion_0491.jpg,2126.88,62.83,57.95,63.13,46.12,320,240
motion_0492.jpg,2135.11,63.11,58.38,63.25,46.21,320,240
motion_0493.jpg,2132.43,62.96,58.29,63.25,46.18,320,240
motion_0494.jpg,2134.42,62.74,58.13,63.17,46.2,320,240
motion_0495.jpg,2127.9,62.34,57.71,63.12,46.13,320,240
motion_0496.jpg,2133.03,62.2,57.64,63.18,46.18,320,240
motion_0497.jpg,2127.77,61.67,57.17,63.03,46.13,320,240
motion_0498.jpg,2130.75,61.59,57.16,63.05,46.16,320,240
motion_0499.jpg,2132.43,61.45,57.1,62.99,46.18,320,240
motion_0500.jpg,2128.98,61.38,57.02,62.91,46.14,320,240
motion_0501.jpg,2119.28,61.63,57.29,62.86,46.04,320,240
motion_0502.jpg,2123.8,61.94,57.61,62.86,46.08,320,240
motion_0503.jpg,2125.87,61.78,57.39,62.76,46.11,320,240
motion_0504.jpg,2141.85,61.89,57.58,62.83,46.28,320,240
motion_0505.jpg,2135.78,62.15,57.92,62.84,46.21,320,240
motion_0506.jpg,2137.95,62.37,58.17,62.94,46.24,320,240
motion_0507.jpg,2141.99,61.64,57.44,62.74,46.28,320,240
motion_0508.jpg,2141.33,61.69,57.54,62.79,46.27,320,240
motion_0509.jpg,2128.18,61.2,56.84,62.48,46.13,320,240
motion_0510.jpg,2139.95,61.28,57.02,62.55,46.26,320,240
motion_0511.jpg,2142.97,62.33,58.13,62.87,46.29,320,240
motion_0512.jpg,2117.33,63.56,58.9,62.47,46.01,320,240
motion_0513.jpg,2110.92,62.55,57.8,62.09,45.94,320,240
motion_0514.jpg,2142.41,62.47,58.48,62.7,46.29,320,240
motion_0515.jpg,2164.11,62.3,58.53,63.27,46.52,320,240
motion_0516.jpg,2146.31,61.9,57.59,62.27,46.33,320,240
motion_0517.jpg,2130.88,61.82,57.58,61.99,46.16,320,240
motion_0518.jpg,2143.09,62.58,58.62,62.4,46.29,320,240
motion_0519.jpg,2131.07,61.83,57.66,62.11,46.16,320,240
motion_0520.jpg,2144.26,62.62,58.75,62.52,46.31,320,240
motion_0521.jpg,2119.53,61.95,57.55,61.84,46.04,320,240
motion_0522.jpg,2139.97,61.97,57.96,62.14,46.26,320,240
motion_0523.jpg,2098.11,60.67,56.33,60.89,45.81,320,240
motion_0524.jpg,2117.61,61.65,57.69,61.41,46.02,320,240
motion_0525.jpg,955.79,85.88,62.56,25.57,30.92,320,240
motion_0526.jpg,968.94,84.55,61.59,26.33,31.13,320,240
motion_0527.jpg,980.01,82.91,60.31,27.1,31.31,320,240
motion_0528.jpg,978.19,82.8,60.31,26.83,31.28,320,240
motion_0529.jpg,986.9,84.12,61.07,26.8,31.41,320,240
motion_0530.jpg,984.23,85.38,62.11,26.62,31.37,320,240
motion_0531.jpg,986.5,85.09,62.15,26.83,31.41,320,240
motion_0532.jpg,987.18,84.03,61.57,26.87,31.42,320,240
motion_0533.jpg,991.11,83.26,61.03,27.32,31.48,320,240
motion_0534.jpg,996.22,82.29,60.26,27.48,31.56,320,240
motion_0535.jpg,1000.92,82.3,60.04,27.86,31.64,320,240
motion_0536.jpg,1005.33,81.89,59.72,28.02,31.71,320,240
motion_0537.jpg,1008.82,81.53,59.59,28.48,31.76,320,240
motion_0538.jpg,1021.48,81.28,59.46,29.08,31.96,320,240
motion_0539.jpg,1030.72,81.51,59.71,29.05,32.1,320,240
motion_0540.jpg,1035.59,82.49,60.29,28.82,32.18,320,240
motion_0541.jpg,1038.75,84.27,61.42,28.24,32.23,320,240
motion_0542.jpg,1041.8,85.07,61.92,28.01,32.28,320,240
motion_0543.jpg,1036.68,85.1,61.86,27.75,32.2,320,240
motion_0544.jpg,1031.63,84.29,61.26,28.04,32.12,320,240
motion_0545.jpg,1025.73,84.16,61.23,27.56,32.03,320,240
motion_0546.jpg,1025.64,82.78,60.42,27.87,32.03,320,240
motion_0547.jpg,1040.83,81.62,59.59,28.95,32.26,320,240
motion_0548.jpg,1040.41,82.0,59.92,28.84,32.26,320,240
motion_0549.jpg,1035.96,83.1,60.66,28.55,32.19,320,240
motion_0550.jpg,993.25,85.19,61.98,27.21,31.52,320,240
motion_0551.jpg,988.44,85.87,62.42,27.1,31.44,320,240
motion_0552.jpg,1018.32,85.35,62.04,27.44,31.91,320,240
motion_0553.jpg,1015.0,84.8,61.71,27.51,31.86,320,240
motion_0554.jpg,1017.46,80.73,59.41,28.37,31.9,320,240
motion_0555.jpg,1029.18,79.96,58.74,28.9,32.08,320,240
motion_0556.jpg,1040.67,80.16,58.74,29.36,32.26,320,240
motion_0557.jpg,1055.5,80.72,59.26,29.91,32.49,320,240
motion_0558.jpg,1063.55,82.19,60.19,29.84,32.61,320,240
motion_0559.jpg,1066.89,85.65,62.33,28.67,32.66,320,240
motion_0560.jpg,1073.8,87.73,63.73,28.2,32.77,320,240
motion_0561.jpg,1069.13,88.64,64.26,27.71,32.7,320,240
motion_0562.jpg,1020.03,83.24,60.46,27.68,31.94,320,240
motion_0563.jpg,1024.12,82.85,60.25,27.73,32.0,320,240
motion_0564.jpg,1026.98,82.81,60.19,27.83,32.05,320,240
motion_0565.jpg,1034.94,82.59,60.11,28.83,32.17,320,240
motion_0566.jpg,1035.42,84.11,61.41,28.24,32.18,320,240
motion_0567.jpg,1041.24,85.26,62.43,27.81,32.27,320,240
motion_0568.jpg,1043.25,87.23,63.44,27.22,32.3,320,240
motion_0569.jpg,1040.28,87.65,63.56,26.89,32.25,320,240
motion_0570.jpg,1035.5,87.18,63.09,26.92,32.18,320,240
motion_0571.jpg,1037.46,87.36,63.21,26.72,32.21,320,240
motion_0572.jpg,1018.3,85.91,62.28,26.53,31.91,320,240
motion_0573.jpg,1018.62,85.63,61.97,26.73,31.92,320,240
motion_0574.jpg,1014.43,86.45,62.56,26.33,31.85,320,240
motion_0575.jpg,1012.86,86.41,62.61,26.22,31.83,320,240
motion_0576.jpg,1011.98,85.67,62.21,26.41,31.81,320,240
motion_0577.jpg,1013.64,84.52,61.51,26.86,31.84,320,240
motion_0578.jpg,1012.2,83.66,60.82,27.45,31.82,320,240
motion_0579.jpg,1013.76,81.37,59.55,27.96,31.84,320,240
motion_0580.jpg,1019.34,80.64,59.05,28.61,31.93,320,240
motion_0581.jpg,1025.85,81.28,59.42,28.48,32.03,320,240
motion_0582.jpg,1025.59,84.08,61.07,27.58,32.02,320,240
motion_0583.jpg,1023.95,86.91,62.93,26.2,32.0,320,240
motion_0584.jpg,1025.56,85.82,62.2,26.59,32.02,320,240
motion_0585.jpg,1029.4,85.76,62.09,26.8,32.08,320,240
motion_0586.jpg,1022.94,87.79,63.44,26.32,31.98,320,240
motion_0587.jpg,1035.27,88.4,63.86,25.94,32.18,320,240
motion_0588.jpg,1019.21,86.97,63.09,25.61,31.93,320,240
motion_0589.jpg,982.1,87.3,63.2,25.09,31.34,320,240
motion_0590.jpg,981.63,87.15,63.13,24.8,31.33,320,240
motion_0591.jpg,983.54,87.4,63.33,24.89,31.36,320,240
motion_0592.jpg,976.98,87.57,63.39,24.74,31.26,320,240
motion_0593.jpg,977.88,86.1,62.38,25.08,31.27,320,240
motion_0594.jpg,982.65,85.91,62.14,24.9,31.35,320,240
motion_0595.jpg,988.22,87.38,63.33,25.15,31.44,320,240
motion_0596.jpg,988.45,87.46,63.32,24.9,31.44,320,240
motion_0597.jpg,986.43,87.03,63.07,24.7,31.41,320,240
motion_0598.jpg,973.82,86.18,62.46,25.13,31.21,320,240
motion_0599.jpg,974.43,85.94,62.28,25.09,31.22,320,240
motion_0600.jpg,1023.16,84.5,61.39,26.63,31.99,320,240
motion_0601.jpg,1023.93,85.44,62.04,26.33,32.0,320,240
